{
  "timestamp": "2025-08-09T21:19:36.936031",
  "data_summary": {
    "total_observations": 26206,
    "features_created": 28,
    "snow_depth_features": 12
  },
  "ml_results": {
    "model_performance": {
      "train_accuracy": 0.9997137950772753,
      "test_accuracy": 0.9994276993513926,
      "feature_count": 26
    },
    "feature_importance": {
      "air_temperature": 0.021298607870053266,
      "max(air_temperature PT1H)": 0.03420059183942327,
      "max(wind_speed PT1H)": 0.16066021744490172,
      "min(air_temperature PT1H)": 0.06233633889561846,
      "relative_humidity": 0.05786556642797721,
      "sum(precipitation_amount PT1H)": 0.014092124908488822,
      "surface_snow_thickness": 0.006409841487649237,
      "wind_from_direction": 0.05286895957925922,
      "wind_speed": 0.17557972692507667,
      "snow_depth_change_10min": 0.002081811880850644,
      "snow_depth_change_1h": 0.00960758053220089,
      "snow_depth_change_3h": 0.003531495114500463,
      "snow_depth_volatility_1h": 0.005592400805079512,
      "snow_depth_volatility_3h": 0.0062784533408734074,
      "unexplained_snow_increase": 0.014108506797280625,
      "unexplained_snow_decrease": 0.057079840586667645,
      "rapid_snow_change": 0.014826296965676505,
      "snow_transport_direction": 0.006647814716659153,
      "wind_chill": 0.06494225302942938,
      "frost_risk": 0.009478690125905779,
      "near_freezing": 0.0032383879806157797,
      "active_snowdrift_indicator": 0.025878682841278252,
      "snow_transport_risk_score": 0.18836531089752584,
      "hour": 0.0018929688861645374,
      "month": 0.001024246163735524,
      "is_winter": 0.00011328395710805307
    },
    "top_features": [
      [
        "snow_transport_risk_score",
        0.18836531089752584
      ],
      [
        "wind_speed",
        0.17557972692507667
      ],
      [
        "max(wind_speed PT1H)",
        0.16066021744490172
      ],
      [
        "wind_chill",
        0.06494225302942938
      ],
      [
        "min(air_temperature PT1H)",
        0.06233633889561846
      ],
      [
        "relative_humidity",
        0.05786556642797721
      ],
      [
        "unexplained_snow_decrease",
        0.057079840586667645
      ],
      [
        "wind_from_direction",
        0.05286895957925922
      ],
      [
        "max(air_temperature PT1H)",
        0.03420059183942327
      ],
      [
        "active_snowdrift_indicator",
        0.025878682841278252
      ],
      [
        "air_temperature",
        0.021298607870053266
      ],
      [
        "rapid_snow_change",
        0.014826296965676505
      ],
      [
        "unexplained_snow_increase",
        0.014108506797280625
      ],
      [
        "sum(precipitation_amount PT1H)",
        0.014092124908488822
      ],
      [
        "snow_depth_change_1h",
        0.00960758053220089
      ]
    ],
    "classification_report": {
      "0": {
        "precision": 1.0,
        "recall": 0.9995866914651788,
        "f1-score": 0.9997933030177759,
        "support": 4839.0
      },
      "1": {
        "precision": 0.9454545454545454,
        "recall": 1.0,
        "f1-score": 0.9719626168224299,
        "support": 52.0
      },
      "2": {
        "precision": 1.0,
        "recall": 0.9545454545454546,
        "f1-score": 0.9767441860465116,
        "support": 22.0
      },
      "3": {
        "precision": 1.0,
        "recall": 1.0,
        "f1-score": 1.0,
        "support": 329.0
      },
      "accuracy": 0.9994276993513926,
      "macro avg": {
        "precision": 0.9863636363636363,
        "recall": 0.9885330365026583,
        "f1-score": 0.9871250264716793,
        "support": 5242.0
      },
      "weighted avg": {
        "precision": 0.9994589157504076,
        "recall": 0.9994276993513926,
        "f1-score": 0.9994334646071741,
        "support": 5242.0
      }
    },
    "risk_distribution": {
      "0": 24190,
      "3": 1643,
      "1": 262,
      "2": 111
    }
  },
  "snow_depth_analysis": {
    "snow_features": {
      "features": [
        "surface_snow_thickness",
        "snow_depth_change_10min",
        "snow_depth_change_1h",
        "snow_depth_change_3h",
        "snow_depth_volatility_1h",
        "snow_depth_volatility_3h",
        "unexplained_snow_increase",
        "unexplained_snow_decrease",
        "rapid_snow_change",
        "snow_transport_direction",
        "active_snowdrift_indicator",
        "snow_transport_risk_score"
      ],
      "total_importance": 0.34040803596624214,
      "individual_importance": {
        "surface_snow_thickness": 0.006409841487649237,
        "snow_depth_change_10min": 0.002081811880850644,
        "snow_depth_change_1h": 0.00960758053220089,
        "snow_depth_change_3h": 0.003531495114500463,
        "snow_depth_volatility_1h": 0.005592400805079512,
        "snow_depth_volatility_3h": 0.0062784533408734074,
        "unexplained_snow_increase": 0.014108506797280625,
        "unexplained_snow_decrease": 0.057079840586667645,
        "rapid_snow_change": 0.014826296965676505,
        "snow_transport_direction": 0.006647814716659153,
        "active_snowdrift_indicator": 0.025878682841278252,
        "snow_transport_risk_score": 0.18836531089752584
      }
    },
    "wind_features": {
      "total_importance": 0.45405115697866694,
      "feature_count": 4
    },
    "temperature_features": {
      "total_importance": 0.13055261671161655,
      "feature_count": 5
    },
    "feature_category_ranking": [
      [
        "Wind features",
        0.45405115697866694
      ],
      [
        "Snow depth features",
        0.34040803596624214
      ],
      [
        "Temperature features",
        0.13055261671161655
      ]
    ]
  },
  "status": "completed"
}